-- MySQL dump 10.13  Distrib 5.5.13, for Win32 (x86)
--
-- Host: localhost    Database: iaedb
-- ------------------------------------------------------
-- Server version	5.5.13

/*!40101 SET @OLD_CHARACTER_SET_CLIENT=@@CHARACTER_SET_CLIENT */;
/*!40101 SET @OLD_CHARACTER_SET_RESULTS=@@CHARACTER_SET_RESULTS */;
/*!40101 SET @OLD_COLLATION_CONNECTION=@@COLLATION_CONNECTION */;
/*!40101 SET NAMES utf8 */;
/*!40103 SET @OLD_TIME_ZONE=@@TIME_ZONE */;
/*!40103 SET TIME_ZONE='+00:00' */;
/*!40014 SET @OLD_UNIQUE_CHECKS=@@UNIQUE_CHECKS, UNIQUE_CHECKS=0 */;
/*!40014 SET @OLD_FOREIGN_KEY_CHECKS=@@FOREIGN_KEY_CHECKS, FOREIGN_KEY_CHECKS=0 */;
/*!40101 SET @OLD_SQL_MODE=@@SQL_MODE, SQL_MODE='NO_AUTO_VALUE_ON_ZERO' */;
/*!40111 SET @OLD_SQL_NOTES=@@SQL_NOTES, SQL_NOTES=0 */;

--
-- Current Database: `iaedb`
--

/*!40000 DROP DATABASE IF EXISTS `iaedb`*/;

CREATE DATABASE /*!32312 IF NOT EXISTS*/ `iaedb` /*!40100 DEFAULT CHARACTER SET latin1 */;

USE `iaedb`;

--
-- Table structure for table `donator`
--

DROP TABLE IF EXISTS `donator`;
/*!40101 SET @saved_cs_client     = @@character_set_client */;
/*!40101 SET character_set_client = utf8 */;
CREATE TABLE `donator` (
  `donator_id` varchar(200) NOT NULL,
  `donator_name` varchar(100) NOT NULL,
  `donator_address` varchar(500) DEFAULT NULL,
  `donator_phone` varchar(20) DEFAULT NULL,
  PRIMARY KEY (`donator_id`)
) ENGINE=InnoDB DEFAULT CHARSET=latin1;
/*!40101 SET character_set_client = @saved_cs_client */;

--
-- Dumping data for table `donator`
--

LOCK TABLES `donator` WRITE;
/*!40000 ALTER TABLE `donator` DISABLE KEYS */;
INSERT INTO `donator` VALUES ('dd1','ershadi','moratuwa','0711473605'),('dd2','sriyani','moratuwa		','0777901372');
/*!40000 ALTER TABLE `donator` ENABLE KEYS */;
UNLOCK TABLES;

--
-- Table structure for table `expenditure`
--

DROP TABLE IF EXISTS `expenditure`;
/*!40101 SET @saved_cs_client     = @@character_set_client */;
/*!40101 SET character_set_client = utf8 */;
CREATE TABLE `expenditure` (
  `expenditure_id` varchar(200) NOT NULL,
  `responsibleForExpenditure_id` varchar(200) DEFAULT NULL,
  `reasonforExpenditure_id` varchar(200) DEFAULT NULL,
  `expenditure_amount` decimal(20,2) DEFAULT NULL,
  `expenditure_date` date DEFAULT NULL,
  PRIMARY KEY (`expenditure_id`),
  KEY `responsibleForExpenditure_id` (`responsibleForExpenditure_id`),
  KEY `reasonforExpenditure_id` (`reasonforExpenditure_id`),
  CONSTRAINT `responsibleForExpenditure_id` FOREIGN KEY (`responsibleForExpenditure_id`) REFERENCES `responsible` (`responsible_id`) ON DELETE NO ACTION ON UPDATE NO ACTION,
  CONSTRAINT `reasonforExpenditure_id` FOREIGN KEY (`reasonforExpenditure_id`) REFERENCES `expenditurereason` (`expenditureReason_id`) ON DELETE NO ACTION ON UPDATE NO ACTION
) ENGINE=InnoDB DEFAULT CHARSET=latin1;
/*!40101 SET character_set_client = @saved_cs_client */;

--
-- Dumping data for table `expenditure`
--

LOCK TABLES `expenditure` WRITE;
/*!40000 ALTER TABLE `expenditure` DISABLE KEYS */;
INSERT INTO `expenditure` VALUES ('ee1','rr1','er1',1000.00,'2014-11-26');
/*!40000 ALTER TABLE `expenditure` ENABLE KEYS */;
UNLOCK TABLES;

--
-- Table structure for table `expenditurereason`
--

DROP TABLE IF EXISTS `expenditurereason`;
/*!40101 SET @saved_cs_client     = @@character_set_client */;
/*!40101 SET character_set_client = utf8 */;
CREATE TABLE `expenditurereason` (
  `expenditureReason_id` varchar(200) NOT NULL,
  `expenditureReason_title` varchar(1000) NOT NULL,
  PRIMARY KEY (`expenditureReason_id`)
) ENGINE=InnoDB DEFAULT CHARSET=latin1;
/*!40101 SET character_set_client = @saved_cs_client */;

--
-- Dumping data for table `expenditurereason`
--

LOCK TABLES `expenditurereason` WRITE;
/*!40000 ALTER TABLE `expenditurereason` DISABLE KEYS */;
INSERT INTO `expenditurereason` VALUES ('er1','cleaning equipments'),('ir3','floor paint');
/*!40000 ALTER TABLE `expenditurereason` ENABLE KEYS */;
UNLOCK TABLES;

--
-- Table structure for table `income`
--

DROP TABLE IF EXISTS `income`;
/*!40101 SET @saved_cs_client     = @@character_set_client */;
/*!40101 SET character_set_client = utf8 */;
CREATE TABLE `income` (
  `income_id` varchar(200) NOT NULL,
  `donator_id` varchar(200) DEFAULT NULL,
  `incomeReason_id` varchar(200) DEFAULT NULL,
  `responsible_id` varchar(200) DEFAULT NULL,
  `income_date` date DEFAULT NULL,
  `income_amount` decimal(20,2) DEFAULT NULL,
  PRIMARY KEY (`income_id`),
  KEY `donator_id` (`donator_id`),
  KEY `incomeReason_id` (`incomeReason_id`),
  KEY `responsible_id` (`responsible_id`),
  CONSTRAINT `donator_id` FOREIGN KEY (`donator_id`) REFERENCES `donator` (`donator_id`) ON DELETE NO ACTION ON UPDATE NO ACTION,
  CONSTRAINT `incomeReason_id` FOREIGN KEY (`incomeReason_id`) REFERENCES `incomereason` (`incomeReason_id`) ON DELETE NO ACTION ON UPDATE NO ACTION,
  CONSTRAINT `responsible_id` FOREIGN KEY (`responsible_id`) REFERENCES `responsible` (`responsible_id`) ON DELETE NO ACTION ON UPDATE NO ACTION
) ENGINE=InnoDB DEFAULT CHARSET=latin1;
/*!40101 SET character_set_client = @saved_cs_client */;

--
-- Dumping data for table `income`
--

LOCK TABLES `income` WRITE;
/*!40000 ALTER TABLE `income` DISABLE KEYS */;
INSERT INTO `income` VALUES ('ii1','dd1','ir1','rr1','2014-11-30',1000.00),('ii2','dd1','ir2','rr2','2014-11-30',5000.00),('ii3','dd2','ir1','rr1','2014-11-30',5000.00),('ii4','dd1','ir1','rr2','2014-11-30',7000.00);
/*!40000 ALTER TABLE `income` ENABLE KEYS */;
UNLOCK TABLES;

--
-- Table structure for table `incomereason`
--

DROP TABLE IF EXISTS `incomereason`;
/*!40101 SET @saved_cs_client     = @@character_set_client */;
/*!40101 SET character_set_client = utf8 */;
CREATE TABLE `incomereason` (
  `incomeReason_id` varchar(200) NOT NULL,
  `incomeReason_title` varchar(1000) NOT NULL,
  PRIMARY KEY (`incomeReason_id`)
) ENGINE=InnoDB DEFAULT CHARSET=latin1;
/*!40101 SET character_set_client = @saved_cs_client */;

--
-- Dumping data for table `incomereason`
--

LOCK TABLES `incomereason` WRITE;
/*!40000 ALTER TABLE `incomereason` DISABLE KEYS */;
INSERT INTO `incomereason` VALUES ('ir1','paint '),('ir2','birthday');
/*!40000 ALTER TABLE `incomereason` ENABLE KEYS */;
UNLOCK TABLES;

--
-- Table structure for table `responsible`
--

DROP TABLE IF EXISTS `responsible`;
/*!40101 SET @saved_cs_client     = @@character_set_client */;
/*!40101 SET character_set_client = utf8 */;
CREATE TABLE `responsible` (
  `responsible_id` varchar(200) NOT NULL,
  `responsible_name` varchar(100) NOT NULL,
  PRIMARY KEY (`responsible_id`)
) ENGINE=InnoDB DEFAULT CHARSET=latin1;
/*!40101 SET character_set_client = @saved_cs_client */;

--
-- Dumping data for table `responsible`
--

LOCK TABLES `responsible` WRITE;
/*!40000 ALTER TABLE `responsible` DISABLE KEYS */;
INSERT INTO `responsible` VALUES ('rr1','dhamma chiththa thero'),('rr2','dhamma gnana thero');
/*!40000 ALTER TABLE `responsible` ENABLE KEYS */;
UNLOCK TABLES;

--
-- Table structure for table `user`
--

DROP TABLE IF EXISTS `user`;
/*!40101 SET @saved_cs_client     = @@character_set_client */;
/*!40101 SET character_set_client = utf8 */;
CREATE TABLE `user` (
  `user_id` varchar(200) NOT NULL,
  `user_name` varchar(200) NOT NULL,
  `user_password` varchar(1000) NOT NULL,
  PRIMARY KEY (`user_id`)
) ENGINE=InnoDB DEFAULT CHARSET=latin1;
/*!40101 SET character_set_client = @saved_cs_client */;

--
-- Dumping data for table `user`
--

LOCK TABLES `user` WRITE;
/*!40000 ALTER TABLE `user` DISABLE KEYS */;
INSERT INTO `user` VALUES ('uu1','admin','vhsNEBRgRdzFQEW/EnNgL/4yXH31eM5++b8lw9L9K1A6LQmW1PNyCD4jrQrzhTPF');
/*!40000 ALTER TABLE `user` ENABLE KEYS */;
UNLOCK TABLES;
/*!40103 SET TIME_ZONE=@OLD_TIME_ZONE */;

/*!40101 SET SQL_MODE=@OLD_SQL_MODE */;
/*!40014 SET FOREIGN_KEY_CHECKS=@OLD_FOREIGN_KEY_CHECKS */;
/*!40014 SET UNIQUE_CHECKS=@OLD_UNIQUE_CHECKS */;
/*!40101 SET CHARACTER_SET_CLIENT=@OLD_CHARACTER_SET_CLIENT */;
/*!40101 SET CHARACTER_SET_RESULTS=@OLD_CHARACTER_SET_RESULTS */;
/*!40101 SET COLLATION_CONNECTION=@OLD_COLLATION_CONNECTION */;
/*!40111 SET SQL_NOTES=@OLD_SQL_NOTES */;

-- Dump completed on 2014-12-07 19:57:29
